<?xml version="1.0" encoding="UTF-8"?>
<project-private xmlns="http://www.netbeans.org/ns/project-private/1">
    <editor-bookmarks xmlns="http://www.netbeans.org/ns/editor-bookmarks/2" lastBookmarkId="0"/>
    <open-files xmlns="http://www.netbeans.org/ns/projectui-open-files/2">
        <group>
            <file>file:/D:/Credenciales/src/Test/Prueba/TestEncapsulado.java</file>
            <file>file:/D:/Credenciales/src/mx/uamex/dto/Usuario.java</file>
            <file>file:/D:/Credenciales/src/mx/uamex/dto/HelperEncriptacion.java</file>
            <file>file:/D:/Credenciales/src/mx/uamex/dto/BaseDeDatos.java</file>
            <file>file:/D:/Credenciales/src/mx/uamex/dto/SesionDeUsuario.java</file>
        </group>
    </open-files>
</project-private>
